description,200101,200102,200103,200104,200105,200106,200107,200108,200109,200110,200111,200112,200201,200202,200203,200204,200205,200206,200207,200208,200209,200210,200211,200212,200301,200302,200303,200304,200305,200306,200307,200308,200309,200310,200311,200312,200401,200402,200403,200404,200405,200406,200407,200408,200409,200410,200411,200412,200501,200502,200503,200504,200505,200506,200507,200508,200509,200510,200511,200512,200601,200602,200603,200604,200605,200606,200607,200608,200609,200610,200611,200612,200701,200702,200703,200704,200705,200706,200707,200708,200709,200710,200711,200712,200801,200802,200803,200804,200805,200806,200807,200808,200809,200810,200811,200812,200901,200902,200903,200904,200905,200906,200907,200908,200909,200910,200911,200912,201001,201002,201003,201004,201005,201006,201007,201008,201009,201010,201011,201012,201101,201102,201103,201104,201105,201106,201107,201108,201109,201110,201111,201112,201201,201202,201203,201204,201205,201206,201207,201208,201209,201210,201211,201212,201301,201302,201303,201304,201305,201306,201307,201308,201309
"United States",7.73,8.04,8.32,8.46,8.83,9.07,9.03,9.01,8.92,8.84,8.47,8.29,8.07,8.19,8.17,8.37,8.64,8.73,8.82,8.72,8.59,8.47,8.31,8.08,8,8.02,8.35,8.82,8.99,9.25,9.21,9.22,8.92,8.85,8.72,8.3,8.24,8.33,8.62,8.93,9.07,9.29,9.36,9.5,9.39,9.05,8.96,8.58,8.52,8.76,8.87,9.22,9.56,9.79,9.77,9.93,9.94,9.76,9.76,9.27,9.55,9.8,9.87,10.32,10.61,10.85,10.96,10.94,10.94,10.58,10.18,9.84,10.06,9.89,10.27,10.63,10.77,11.09,11.07,11.07,10.96,10.82,10.7,10.33,10.15,10.19,10.47,10.92,11.39,11.75,12.05,12.06,11.9,11.81,11.43,10.9,10.95,11.15,11.3,11.51,11.77,11.8,11.85,11.96,11.95,11.66,11.3,10.89,10.49,10.89,11.11,11.71,11.91,11.91,12.04,12.03,11.95,11.86,11.62,11.06,10.87,11.06,11.52,11.67,11.93,11.97,12.09,12.09,12.17,12.08,11.78,11.4,11.41,11.51,11.7,11.92,11.9,12.09,12,12.17,12.3,12.03,11.75,11.62,11.47,11.61,11.59,11.92,12.4,12.54,12.61,12.51,12.52
"New England",11.8,11.72,11.82,12.17,12.2,12.19,12.5,12.12,12.38,12.47,12.08,11.69,11.25,11.03,11.45,11.53,11.23,11.34,11.19,11.01,11.14,11.46,11.28,11.02,10.78,11.05,11.15,11.15,11.91,12.17,11.91,12.08,12.37,12.14,11.96,11.75,11.47,11.9,11.85,11.9,12.02,12.06,12.24,12.25,11.93,11.93,11.79,11.66,12.72,13.18,12.99,13.25,13.37,13.42,13.33,13.48,14.08,13.55,14.12,13.86,15.54,16.22,15.98,16.1,16.05,15.88,15.66,16.24,16.44,15.99,15.58,16.27,17.11,16.79,17.02,17.12,16.61,17.18,16.45,16.4,16.69,16.66,16.4,16.13,16.68,16.58,16.98,17.02,18.14,17.61,17.84,18.38,18.24,19.14,18.17,18.12,17.89,18.01,17.62,18.03,17.9,18.17,17.3,16.86,17.65,17.25,16.91,16.31,16.33,16.01,16.51,16.64,16.3,16.06,15.92,16.42,16.28,16.4,16.18,15.96,15.94,15.72,15.86,15.65,16.16,16.14,15.46,16,16.27,15.63,15.83,16.12,15.85,15.96,16.02,15.67,15.99,15.96,15.43,15.22,15.84,15.61,15.36,15.83,15.43,15.81,15.62,15.82,16.35,16.41,15.52,16.27,17.4
"Connecticut",10.7,10.23,10.6,10.87,11.2,11.06,11,11.15,11.14,11.34,11.04,10.75,10.65,10.86,10.94,11.07,11.24,11.16,11.14,11.02,10.91,11.2,10.94,10.55,10.54,10.5,10.68,10.93,11.8,11.87,11.57,11.61,12.01,12.41,11.42,11.02,11.48,11.81,12.03,12.09,12.34,12.35,12.56,12.43,10.95,10.76,10.65,10.23,12.67,13.1,12.95,13.58,13.7,13.91,13.9,13.98,14.63,14.24,13.93,13.42,14.91,16.3,15.77,17.64,17.03,16.77,16.41,17.48,18.64,17.34,16.92,17.97,18.74,19.23,19.2,19.98,19.65,19.93,18.82,19.09,18.9,19.21,18.78,18.31,18.16,18.52,18.54,19.58,20,19.46,19.14,21.12,20.32,21.16,20.14,19.48,19.6,19.99,20.35,20.54,21.06,21.06,20.43,20.33,20.26,20.73,20.41,19.85,19.14,19.07,19.34,19.69,20.05,19.4,19.01,18.96,19.12,19.77,19.5,18.65,18.01,17.56,17.93,18.13,18.57,18.36,18.07,17.76,18.04,18.56,18.49,18.15,17.32,17.09,17.16,17.64,17.71,17.3,17.08,17.12,17.24,18.08,17.82,17.06,17.05,16.97,17.22,17.4,18.1,17.77,17.31,17.57,17.94
"Maine",12.96,12.84,12.64,12.32,14.24,13.31,13.01,13.04,14.3,13.97,12.68,12.85,10.66,11.65,16.06,12.63,12.97,13.07,12.91,12.46,13.75,13.59,12.34,12.29,11.97,12.33,12.28,12.7,13.44,13.81,11.83,12.64,12,11.63,12.61,12,11.64,12.15,12.33,12.11,12.67,12.37,12.78,12.12,11.87,12.28,12,11.98,13.7,14.35,12.81,13.2,13.14,14.39,13.62,13.55,14.47,12.54,13.73,10.84,13.69,13.7,13.89,13.7,13.72,13.84,13.53,13.67,13.74,14.13,14.06,14.03,15.16,15.17,17,16.85,16.87,16.73,16.7,16.79,16.93,16.94,16.86,16.74,15.62,15.52,16.35,16.57,16.37,16.14,16.33,16.29,16.42,16.47,16.31,16.23,16.22,16.2,15.35,15.45,15.46,15.56,15.51,15.51,15.65,15.58,15.55,15.53,15.43,15.58,15.63,15.7,15.72,15.75,15.73,15.78,15.88,15.85,15.84,15.76,15.72,15.8,15.28,15.33,15.37,15.28,15.11,15.27,15.4,15.4,15.35,15.26,15.02,15.07,14.28,14.46,14.41,14.21,14.63,14.66,14.81,14.76,14.83,14.7,14.63,14.58,14.16,14.24,14.36,14.16,14.26,14.37,14.45
"Massachusetts",11.86,12.03,12.08,12.49,12.47,12.57,13.24,12.62,12.97,12.85,12.74,11.96,11.65,10.9,11.1,11.4,10.66,10.92,10.75,10.56,10.68,10.87,11.04,10.78,10.5,10.83,11.05,10.75,11.56,12.05,11.89,12.11,12.64,12,12.01,11.98,11.2,11.69,11.36,11.56,11.43,11.55,11.73,11.96,12.22,12.05,12.17,12.16,12.8,13.35,13.1,13.03,13.31,13.16,13.08,13.19,13.66,13.28,14.45,14.9,17.05,17.64,17.17,16.48,16.47,16.22,16.05,16.85,16.59,16.18,15.74,16.63,17.87,16.82,16.95,16.62,15.66,16.68,15.58,15.78,16.15,15.91,15.57,15.24,16.87,16.57,16.87,16.46,17.81,17.6,17.91,18.16,18.04,19.95,17.92,18.43,18.04,17.87,17.37,17.64,17.57,17.88,16.55,15.9,17.19,16.27,15.76,14.69,15.05,14.41,15.11,15.2,14.48,14.08,14.21,14.88,14.64,14.55,14.17,14.42,14.48,14.36,14.55,14.09,15,15.12,14.13,15.09,15.58,13.98,14.49,15.2,15.1,15.41,15.72,14.8,15.39,15.48,14.58,14.16,15.2,14.38,13.77,15.19,14.28,14.83,14.77,14.94,15.72,15.86,15.12,15.9,17.84
"New Hampshire",13.52,13.02,13.08,13.93,11.58,12.08,12.66,11.97,11.26,12.68,11.73,12.01,11.91,11.32,11.58,12.43,12.17,11.68,12.25,11.42,11.6,12.77,11.92,11.82,11.43,11.76,11.89,11.99,12.19,12.33,12.04,12.08,12.26,12.31,12.08,11.74,11.61,12.39,12.33,12.37,12.79,12.74,12.75,12.73,13.24,13.1,12.45,11.93,11.98,13.5,13.29,13.89,13.58,12.86,12.75,13.7,15.05,14.16,13.75,14.18,14.2,14.84,14.9,15.27,15.88,15.14,14.49,13.79,14.39,14.95,14.22,14.6,14.93,14.69,14.87,14.92,15.19,14.96,14.96,14.7,14.67,15.19,14.81,14.79,14.78,14.84,14.85,15.22,15.75,15.85,15.99,16.02,16.26,16.63,16.25,16.16,16.17,16.32,16.54,16.76,16.47,16.49,16.28,15.96,15.95,16.28,16.13,15.99,15.79,15.47,16.03,16.3,16.4,16.25,16.17,16.57,16.76,17.06,16.89,16.45,16.31,16.32,16.43,16.52,16.9,16.81,16.29,16.44,16.49,16.66,16.65,16.67,16.17,16.12,16.33,16.45,16.53,16.51,15.81,15.59,15.88,16.03,15.9,15.83,16.06,16.36,16.55,16.64,16.94,16.73,16.11,15.93,16.12
"Rhode Island",11.96,12.02,12.04,13.17,12.38,12.57,12.97,11.64,12.37,11.68,11.56,11.4,10.34,10.28,9.29,10.41,10.01,10.65,9.56,10.42,10.2,10.5,10.62,10.37,9.8,11.32,10.24,10.18,11.46,11.22,12.7,12.59,12.54,11.92,12.21,12.79,11.9,12.25,12.17,11.59,11.8,11.96,12.26,12.3,11.57,12.73,12.27,13.36,12.11,10.64,12.54,12.6,12.67,12.85,13.17,13.08,13.62,13.44,14.48,15.01,14.94,14.74,15.83,15.46,15.47,15.7,15.06,15.23,15.33,15.08,14.34,14.28,13.91,13.25,13.44,14.05,13.52,14.31,14.33,13.16,15.51,14.16,14.65,14.62,15.34,14.99,16.85,14.95,22,16.08,17.89,18.11,18,17.45,19.35,18.63,17.27,17.71,14.65,17.98,14.97,16.27,14.6,13.9,16.17,14.96,15.17,14.63,15.49,16.1,17.12,15.88,15.26,16.6,15.21,17.1,15.76,15.85,15.97,14.95,16.21,16.36,15.76,14.22,13.48,14.06,13.06,14.28,14.53,12.43,13.19,14.33,14.75,14.94,14.82,13.15,14.41,15.32,13.9,14,15.09,13.66,13.07,15.71,14.8,16.51,16.23,14.36,14.84,16.9,11.27,15.73,18.14
"Vermont",12.47,12.53,12.4,12.04,12.59,13.01,13.06,12.89,12.79,13.07,12.67,12.61,12.67,12.35,12.78,12.81,12.57,12.92,13.05,12.89,12.95,12.93,12.76,12.7,12.32,12.33,12.51,12.81,12.92,13.17,13.09,13.09,13.16,13.06,12.96,12.72,12.48,12.47,12.75,12.88,13.07,13.33,13.16,13.21,13.23,13.29,13.33,12.56,12.67,12.8,12.78,13.11,13.09,13,12.92,13.02,13.06,13.19,13.17,12.92,12.92,13.1,13.07,13.39,13.69,13.61,13.47,13.5,13.73,13.74,13.57,13.2,13.67,13.95,13.81,14.29,14.37,14.49,14.16,14.16,14.29,14.61,14.37,13.9,13.9,13.98,14.4,14.64,14.83,14.67,14.52,14.55,14.99,14.77,14.68,14.19,14.24,14.72,14.61,15.08,15.08,15.12,14.88,15.08,15.2,15.38,14.93,14.86,14.78,15.34,15.22,15.86,15.75,15.8,15.41,15.64,15.99,16.12,15.85,15.58,15.71,15.95,16.02,16.38,16.47,16.28,16.19,16.36,16.31,17.13,16.59,16.19,16.52,17.07,16.76,16.87,16.41,16.93,16.77,16.38,16.38,17.51,19.26,17.2,17.73,18.41,14.64,17.62,17.77,17.77,17.23,17.08,17.29
"Middle Atlantic",10.76,10.93,11.01,11.04,11.56,12.11,12.31,12.02,11.94,11.6,11.19,10.93,10.69,10.91,10.74,10.91,11.43,11.84,11.94,11.93,11.95,11.43,11.06,10.74,10.42,10.74,11.06,11.53,11.89,12.13,12.26,12.46,12.53,11.91,11.63,11.07,10.75,11.18,11.33,11.51,11.72,12.43,12.65,12.69,12.7,11.88,11.73,11.18,11.19,11.48,11.45,11.77,12.34,12.84,12.97,13.27,13.53,13.28,13.15,12.29,12.45,12.7,12.37,12.85,13.15,14.08,14.29,14.4,14.3,13.68,12.89,12.62,12.85,12.72,13.06,13.48,14.1,15.03,14.81,15.12,14.5,14.3,13.82,13.37,13.43,13.71,13.56,14.29,15.01,15.94,16.36,16.87,16,14.9,14.22,13.76,13.88,14,14.02,14.32,14.77,15.59,16.12,15.85,15.79,15.13,14.34,14.39,14.43,14.93,14.98,15.86,16.18,16.39,16.91,16.61,16.76,15.89,15.54,14.99,14.75,15.13,15.36,15.53,15.98,16.24,16.38,16.53,16.41,16.19,15.75,15.25,14.89,14.8,14.85,15.03,15.34,15.61,15.68,15.6,15.65,15.54,15,15,14.97,15.24,15.03,15.13,15.73,16.16,16.61,16.32,16.48
"New Jersey",9.62,9.34,9.79,9.9,9.92,10.86,11.03,10.91,10.98,9.76,9.79,9.68,9.66,9.74,9.7,10.25,10.62,11.01,11.14,11.02,10.77,9.86,9.96,9.86,9.59,9.84,9.88,10,10.31,10.67,11.02,12.08,12.02,10.41,10.63,10.59,10.52,10.68,10.85,10.82,10.95,12.07,12.39,12.47,12.47,10.14,10.03,10.02,10.53,10.58,10.69,10.45,10.99,12.5,12.95,13.27,12.74,11.42,11.09,11.13,11.21,11.34,11.36,11.31,11.46,14.01,14.57,14.75,13.85,12.54,12.17,12.44,12.48,12.56,12.52,12.51,13.05,15.52,16.03,16.3,15.28,13.67,13.51,13.63,13.92,14.01,13.84,13.77,14.27,16.84,17.65,17.75,16.84,15.61,15.27,15.27,15.7,15.92,15.85,15.79,16.05,16.77,17.72,17.38,16.69,15.61,15.51,15.64,15.87,15.81,15.89,15.91,16.15,16.88,17.39,17.36,17.37,16.34,16.27,16.14,15.65,16.73,16.4,16.28,16.33,16.03,16.35,16.68,16.18,15.94,16.15,15.97,16.07,16.23,15.87,15.92,15.94,15.67,16.12,15.81,15.58,15.17,15.24,15.44,15.3,15.26,15.33,15.44,15.56,16.03,16.42,16.23,16.06
"New York",13.89,13.93,13.58,13.44,14.01,14.41,14.99,14.61,14.23,14.22,13.53,13.25,12.95,13,12.81,12.69,13.3,14.01,14.19,14.16,14.42,13.87,13.37,13.19,12.77,13.3,13.91,14.55,14.77,14.98,15.14,14.94,14.92,14.75,14.23,13.63,13.32,14.02,13.98,14.03,14.2,14.99,15.36,15.32,15.1,14.93,14.88,14.29,14.05,14.53,14.4,14.64,15.36,15.58,15.63,16.16,16.69,17.36,17.57,16.53,16.61,16.66,15.89,16.36,16.56,17.33,17.56,17.74,17.92,17.22,16.33,15.88,16.09,15.89,16.83,17.14,17.5,18.17,17.27,17.96,17.15,17.48,16.94,16.66,16.86,17.31,16.92,18.08,18.79,19.42,19.66,20.93,19.49,17.57,16.95,16.61,16.83,16.72,16.4,16.57,16.86,18.22,18.79,18.21,18.75,18.12,16.72,17.47,17.29,18.04,17.55,18.92,19.21,19.41,20.11,19.35,20.09,18.36,18.25,17.72,17.25,17.45,17.58,17.63,18.3,19.07,19.22,19.25,18.84,18.78,17.93,17.26,16.78,16.5,16.63,16.7,17.32,18.3,18.37,18.11,18.51,18.43,17.43,17.58,18.02,18.89,18.26,17.8,18.6,19.31,20.04,19.15,19.57
"Pennsylvania",8.74,9.01,9.29,9.38,9.98,10.63,10.32,10.25,9.97,9.95,9.63,9.43,9.21,9.47,9.37,9.54,9.93,10.34,10.27,10.21,10.04,9.87,9.48,9.17,8.91,8.93,9.11,9.43,9.82,10.19,10.28,10.22,10.08,9.79,9.6,9.17,8.8,8.91,9.2,9.44,9.83,10.22,10.21,10.2,10.17,9.69,9.59,9.14,9.11,9.26,9.31,9.72,10.06,10.5,10.41,10.36,10.36,10.02,10.05,9.36,9.51,9.93,9.82,10.28,10.78,10.99,11,10.78,10.55,10.6,10.1,10.06,10.28,10.25,10.25,10.75,11.32,11.64,11.46,11.57,11.3,11.36,11.08,10.53,10.48,10.7,10.72,11.13,11.76,12.11,12.22,11.93,11.76,11.79,11.35,10.81,10.79,11,11.16,11.58,12.03,12.44,12.42,12.4,11.96,11.89,11.57,11.28,11.49,12.12,12.34,12.93,13.36,13.3,13.33,13.23,12.95,13.03,12.68,12.22,12.39,12.59,12.98,13.21,13.48,13.62,13.56,13.63,13.91,13.65,13.46,13.17,12.83,12.79,12.78,12.97,12.99,12.89,12.62,12.68,12.57,12.8,12.6,12.59,12.35,12.33,12.3,12.6,12.93,13.09,13.11,13.25,13.32
"East North Central",7.37,7.77,7.85,8.17,8.47,8.66,8.56,8.51,8.54,8.18,7.89,7.66,7.51,7.76,7.76,8,8.45,8.42,8.42,8.37,8.33,8.17,7.77,7.54,7.45,7.56,7.78,8.32,8.51,8.7,8.61,8.5,8.48,8.34,8.15,7.68,7.56,7.67,8.09,8.35,8.52,8.76,8.72,8.75,8.65,8.46,8.31,7.86,7.66,7.94,8.03,8.46,8.72,8.85,8.77,8.77,8.74,8.62,8.46,7.88,8.29,8.64,8.68,9.35,9.65,9.51,9.6,9.59,9.59,9.39,8.86,8.56,9.16,9.08,9.29,9.87,10,10.22,9.99,10.16,9.94,9.96,9.95,9.34,9.27,9.46,9.63,10.33,10.84,10.87,10.94,10.91,10.85,11.12,10.86,10.09,10.16,10.37,10.81,11.14,11.5,11.4,11.18,11.35,11.4,11.2,10.8,10.35,10.23,10.56,10.87,11.67,11.92,12.05,11.87,11.94,11.78,11.94,11.65,10.83,10.56,11.06,11.5,11.77,12.1,12.23,12.2,12.09,12.45,12.53,12.03,11.47,11.54,11.62,12.06,12.52,12.53,12.15,12.08,12.03,12.33,12.42,11.99,11.7,11.34,11.51,11.61,12.1,12.74,12.51,12.39,12.37,12.08
"Illinois",7.53,8.25,8.33,8.81,9.2,9.43,9.42,9.35,9.21,8.78,8.05,7.93,7.53,8.02,8.03,8.31,8.78,8.93,8.95,8.89,8.92,8.61,7.83,7.46,7.4,7.6,7.88,8.54,8.83,9.23,9.06,8.97,8.85,8.67,8.12,7.56,7.37,7.58,8.18,8.46,8.76,8.98,9.13,9.05,8.99,8.52,8.03,7.58,7.27,7.83,7.96,8.46,8.74,8.88,8.97,8.87,8.91,8.54,8.04,7.38,7.43,7.93,7.91,8.46,8.92,8.88,9.15,8.92,9.21,8.73,7.78,7.55,9.63,9.62,9.81,10.42,10.17,10.58,9.89,10.29,10.31,10.74,10.58,9.71,9.56,9.88,10.43,11.01,11.59,11.58,11.41,11.25,11.63,12.04,12.24,10.81,10.77,11.43,11.73,12.02,12.16,11.41,10.97,11.15,11.47,11.41,11.13,10.3,9.94,10.56,10.98,11.61,12.05,12.7,12.13,11.96,11.75,12.22,11.98,10.64,10.31,11.19,11.9,11.88,12.37,12.06,11.91,11.55,12.76,12.85,12.38,11.15,11.21,11.45,11.97,12.44,12.72,11.24,10.81,10.78,11.36,11.91,11.35,10.6,10.14,10.51,10.08,10.58,11.56,10.12,10.04,10.31,9.74
"Indiana",6.08,6.67,6.73,7.1,7.3,7.21,6.88,6.72,7.65,7.43,7.32,6.79,6.48,6.82,6.92,7.19,7.54,7.08,6.75,6.86,7.02,7.41,6.79,6.55,6.48,6.57,6.84,7.59,7.53,7.37,6.9,7.03,7.19,7.65,7.52,6.69,6.51,6.62,7.21,7.61,7.63,7.44,7.37,7.55,7.53,7.97,7.86,7.01,6.78,7.15,7.16,7.89,8.11,7.69,7.3,7.38,7.63,8.23,8.21,7.25,7.44,7.74,8.01,8.96,9.16,8.46,8.21,8.29,8.49,8.73,8.14,7.74,7.51,7.36,7.97,8.8,8.87,8.37,8.31,8.41,8.55,8.93,8.83,7.89,7.79,8.02,7.92,9.19,9.67,9.04,9.16,9.21,9.4,10.07,9.55,8.62,8.77,9.13,9.77,10.03,10.27,9.81,9.61,9.75,9.9,9.75,9.36,8.78,8.46,8.75,9.08,10.12,10.23,9.47,9.63,9.69,10.17,10.8,10.3,9.34,9.17,9.45,9.93,10.46,10.52,10.15,10,10.04,10.76,11.08,10.29,9.85,10,10.18,10.85,11.56,10.86,10.54,9.94,10.45,10.92,11.09,10.45,10.48,9.98,10.2,10.49,11.37,11.51,11.15,11.05,11.06,11.1
"Michigan",8.08,8.12,8.08,8.08,8.16,8.52,8.63,8.69,8.37,8.04,8.1,7.88,8.09,8.04,8.04,8.03,8.1,8.56,8.67,8.63,8.48,8.02,8.05,8.28,8.21,8.16,8.2,8.19,8.23,8.59,8.71,8.7,8.54,8.08,8.24,8.22,8.14,8.21,8.08,8.11,8.19,8.81,8.63,8.56,8.54,8.14,8.26,8.25,8.14,8.24,8.14,8.27,8.2,8.73,8.84,8.75,8.58,8.11,8.21,8.15,9.13,9.21,9.16,10,9.8,9.96,10.25,10.47,9.94,9.65,9.63,9.65,9.92,10.31,10.07,10,10.12,10.69,10.46,10.69,10.1,9.82,10,10.03,10.22,10.06,10.21,10.21,10.26,11.02,11.52,11.67,10.89,11.01,10.68,10.76,10.92,10.7,10.76,10.73,11.76,12.34,12.02,12.4,12.61,12.29,11.38,11.44,11.42,11.57,11.82,12.74,12.81,12.91,12.93,13.55,12.67,12.62,12.08,12.05,12.26,12.64,12.51,12.69,13.37,13.95,13.93,14.13,13.5,13.75,12.95,13.32,13.48,13.48,13.63,13.69,14.39,14.13,15.06,14.53,14.37,14.22,13.98,14.08,13.65,13.84,14.08,14.37,15.11,15.47,15.06,14.98,14.99
"Ohio",7.59,7.87,7.99,8.38,8.93,9.28,9.01,8.86,8.78,8.35,7.95,7.69,7.59,7.84,7.78,8.18,9.04,8.65,8.84,8.73,8.6,8.36,7.93,7.41,7.4,7.57,7.76,8.45,8.83,8.96,9.02,8.68,8.72,8.48,8.23,7.7,7.59,7.69,8.27,8.56,8.78,9.09,8.97,9.13,8.83,8.64,8.5,7.92,7.71,7.85,8.05,8.47,8.97,9.15,8.98,9.08,8.94,8.7,8.55,7.81,8.28,8.87,8.78,9.33,9.94,10.16,10.03,9.93,9.89,9.57,9.05,8.53,8.82,8.55,8.76,9.6,9.95,10.34,10.4,10.46,10.01,9.55,9.6,8.96,8.86,9.14,9.22,10,10.78,10.85,10.87,10.8,10.63,10.62,10.19,9.56,9.4,9.64,10.31,10.99,11.27,11.38,11.5,11.54,11.14,10.83,10.67,10.32,10.29,10.55,10.67,11.46,11.83,12.17,11.95,11.9,11.78,11.5,11.48,10.68,10.04,10.46,10.96,11.22,11.58,12.03,12.33,12.14,12.07,11.97,11.7,10.95,11.08,11.04,11.35,11.93,11.85,12.24,12.16,12.14,12.27,12.06,11.67,11.39,11.01,11.02,11.3,11.68,12.39,12.95,12.86,12.72,12.21
"Wisconsin",7.46,7.67,7.78,8.02,8.09,8.12,7.93,7.93,8.03,8,7.9,7.95,7.86,8.06,8.02,8.08,8.32,8.44,8.13,8.16,8.22,8.23,8.27,8.37,8.11,8.27,8.37,8.79,8.88,9.1,8.9,8.87,8.94,8.79,8.71,8.51,8.59,8.73,8.77,9.07,9.27,9.48,9.4,9.34,9.32,9.11,9.08,8.86,8.99,9.2,9.27,9.56,9.78,9.93,9.89,9.92,9.97,9.91,9.83,9.69,10.03,10.08,10.28,10.72,10.96,10.25,10.67,10.74,10.81,10.79,10.52,10.35,10.5,10.58,10.51,10.85,11.2,11.15,11.02,11.01,10.98,11.07,10.95,10.66,10.68,10.95,11.02,11.51,11.85,11.9,11.81,11.81,11.92,11.99,11.76,11.3,12.29,11.76,11.74,11.85,12.05,12.49,11.91,12.1,12.15,11.92,11.58,11.41,11.97,12.28,12.46,12.61,12.81,13.16,12.85,12.95,13.12,12.88,12.7,12.25,12.32,12.6,12.7,12.91,13.11,13.67,13.27,13.13,13.7,13.29,13.08,12.78,12.66,12.88,13.1,13.36,13.35,13.36,13.28,13.5,13.83,13.43,13.16,12.61,13.1,13.34,13.4,13.57,13.92,14.39,14.13,14.41,14.23
"West North Central",6.42,6.66,6.88,7.12,7.71,8.13,8.13,8.13,7.69,7.32,7.03,6.76,6.6,6.8,6.82,7.03,7.64,8.18,8.14,8.04,7.72,7.19,6.93,6.69,6.59,6.65,6.88,7.32,7.81,8.32,8.18,8.17,7.73,7.43,7.08,6.73,6.7,6.72,7.08,7.41,7.84,8.29,8.47,8.44,8.08,7.51,7.34,7.01,6.74,7,7.22,7.6,8.07,8.55,8.5,8.48,8.25,7.84,7.58,7.12,7.24,7.44,7.46,7.94,8.5,8.76,8.96,8.82,8.64,8.21,7.69,7.29,7.43,7.29,7.73,8.25,8.53,9.2,9.19,9.09,8.6,8.28,8.07,7.69,7.48,7.53,7.87,8.41,9.13,9.63,9.77,9.59,9.23,9.12,8.62,8.05,7.96,8.36,8.76,9,9.65,10.1,10.11,10.23,9.76,9.23,8.64,8.35,8.08,8.39,8.75,9.5,10.18,10.47,10.92,10.79,10.34,10,9.67,8.92,8.72,8.97,9.41,9.92,10.5,10.98,11.24,11.22,10.91,10.46,9.82,9.32,9.43,9.59,9.95,10.58,10.88,11.44,11.46,11.63,11.19,10.67,10.01,9.83,9.66,10.04,10.17,10.45,11.45,12.22,12.27,12.25,11.57
"Iowa",7.66,7.94,8.06,8.66,9.13,8.95,8.78,8.86,8.78,8.52,7.84,7.78,7.65,7.9,7.89,8.16,8.51,8.97,8.79,8.85,8.83,8.4,7.98,7.85,7.74,7.86,8.15,8.72,8.96,9.37,9.12,9.06,8.98,8.65,8.21,7.96,8.06,8.05,8.42,8.7,8.95,9.56,9.79,9.98,9.53,9.13,8.71,8.67,8.34,8.69,8.89,9.25,9.58,9.94,9.71,9.96,9.71,9.22,9.03,8.7,8.93,9.32,9.45,9.59,9.95,9.79,10.03,10.2,10.53,9.87,9.13,8.69,8.83,8.57,9.01,9.61,9.87,9.86,9.91,10.04,9.79,9.66,9.25,8.83,8.29,8.17,8.73,9.53,10.05,10.09,10.19,10.43,10.07,10.2,9.23,9.27,8.8,9.12,9.73,10.18,10.38,10.7,11.05,11.06,10.85,9.81,9.24,9.29,8.75,9.06,9.75,10.72,11.11,10.87,11.69,11.67,11.23,10.76,10.34,9.71,9.23,9.61,9.93,10.39,10.6,11.07,11.54,11.22,11.4,11.05,10.3,9.66,9.74,9.77,10.27,11.23,10.98,11.32,11.54,12.03,11.39,11,10.34,10.16,10.13,10.18,10.48,10.8,11.11,12.03,12.21,12.4,11.86
"Kansas",6.81,7.09,7.44,7.58,7.86,7.79,8.16,8.34,8.15,7.65,7.09,6.99,6.91,7.07,7.11,7.44,7.79,7.8,8.4,8.14,8.13,7.67,7.28,7.06,6.96,7.14,7.38,7.68,7.8,8.14,8.14,8.23,8.35,7.67,7.26,6.85,6.96,6.92,7.33,7.81,7.82,8.02,8.31,8.52,8.29,7.62,7.64,7.07,6.84,7.2,7.5,7.88,7.71,7.92,8.29,8.55,8.74,8.27,7.77,7.24,7.66,7.59,7.75,8.39,8.38,8.55,8.87,8.84,9.07,8.15,7.53,7.22,7.37,7.46,7.92,8.35,8.41,8.96,8.92,8.63,8.56,8.1,7.67,7.29,7.5,7.67,8.53,8.81,9.09,9.7,10.22,9.7,9.21,8.82,8.5,8.03,8.01,9.17,9.47,9.53,9.84,10.01,9.91,10.24,10.19,9.82,9.49,8.76,8.66,9.32,9.71,10.18,10.38,10.32,10.69,10.7,10.48,10.13,10.03,9.43,9.45,9.73,10.33,10.72,11.04,11.15,11.32,11.29,11.02,10.55,10.45,9.98,10.23,10.71,10.81,11.15,11.28,11.69,11.74,11.72,11.52,11.29,10.96,10.9,10.62,11.3,11.13,11.55,12.03,12.11,12.08,12.06,11.74
"Minnesota",7.03,7.26,7.31,7.36,7.87,8.2,8.26,8.31,7.69,7.32,7.27,7.02,7.05,7.21,7.11,7.22,7.51,8.37,7.98,7.96,7.63,7.21,7.14,7.11,7.14,7.2,7.33,7.43,7.76,8.45,8.26,8.37,7.71,7.45,7.22,7.31,7.34,7.35,7.47,7.55,7.94,8.54,8.79,8.57,8.28,7.8,7.65,7.76,7.49,7.61,7.75,8.08,8.32,9.1,8.74,8.63,8.76,8.47,8.13,8.05,8.12,8.33,7.98,8.38,8.81,9.26,9.45,9.16,8.7,8.9,8.67,8.18,8.63,8.56,8.85,9.29,9.23,9.72,9.75,9.46,9.03,9.27,9.09,9.14,9.12,8.95,9.04,9.29,9.89,10.2,10.53,10.14,9.92,10.21,10.04,9.58,9.61,9.74,10.08,10.02,10.23,10.46,10.5,10.66,9.82,10.07,9.62,9.76,9.68,9.92,10.04,10.33,10.59,11.1,11.41,11.3,11.08,10.87,10.63,10.32,10.28,10.33,10.5,10.9,11.23,11.43,11.6,11.61,11.77,11.28,10.62,10.32,10.76,10.71,10.94,11.14,11.3,11.79,11.84,12.18,12.09,11.54,11.03,10.95,11.05,11.29,11.32,11.58,12.15,12.83,12.78,12.74,12.59
"Missouri",5.87,6.11,6.42,6.55,7.42,8.15,8.04,7.92,7.22,6.86,6.63,6.37,6.16,6.37,6.46,6.63,7.72,8.22,8.05,7.92,7.23,6.62,6.45,6.11,5.99,6.02,6.25,6.85,7.76,8.05,7.92,7.85,6.97,6.92,6.67,6.17,6.01,6.08,6.57,6.86,7.66,7.91,7.94,7.88,7.29,6.66,6.57,6.14,5.97,6.3,6.45,6.81,7.73,8.16,8.04,7.93,7.22,6.85,6.72,6.24,6.32,6.47,6.65,7.23,8.17,8.45,8.46,8.34,7.81,7.33,6.75,6.48,6.61,6.4,6.83,7.41,7.99,8.96,8.86,8.93,7.89,7.29,7.37,6.88,6.58,6.69,6.95,7.69,8.84,9.31,9.3,9.18,8.46,8.39,7.89,7.19,7.14,7.41,8,8.28,9.44,9.97,9.8,9.89,9.22,8.53,7.75,7.44,7.13,7.34,7.72,8.7,9.98,10.33,10.81,10.57,9.73,9.42,9.06,8.07,7.92,8.2,8.85,9.36,10.47,10.88,11.2,11.36,10.31,10.02,9.22,8.68,8.66,8.9,9.33,10.06,10.9,11.53,11.31,11.49,10.46,9.89,9.2,9.03,8.93,9.37,9.56,9.76,11.67,12.34,12.48,12.3,10.86
"Nebraska",5.26,5.6,5.7,6.01,6.44,7.44,7.44,7.4,7.37,6.57,6.31,6.04,5.7,5.94,5.98,6.17,6.71,7.4,7.76,7.66,7.58,6.72,6.3,5.97,5.75,5.93,6.07,6.45,6.81,7.99,7.94,7.9,7.85,6.83,6.46,5.94,5.76,5.97,6.21,6.78,6.93,7.9,8.23,8.21,7.99,6.87,6.74,6.12,5.75,6.19,6.47,6.64,7.17,8,8.27,8.32,8.24,7.06,6.79,6.2,5.97,6.73,6.65,7.02,7.62,8.16,8.51,8.47,8.51,7.36,7.11,6.63,6.47,6.4,6.78,7.34,7.6,8.71,8.82,8.77,8.84,7.62,7.27,6.6,6.51,6.77,7.16,7.46,7.97,9.38,8.92,9.16,9.37,8.06,7.71,6.97,6.98,7.68,7.74,8.08,8.73,9.88,9.99,10.05,9.95,8.64,8.06,7.63,7.24,7.92,7.93,8.64,9.2,10.03,10.38,10.3,10.22,9.1,8.87,7.98,7.79,8.07,8.39,8.97,9.11,10.45,10.8,10.67,11,9.62,9.04,8.43,8.61,8.86,9.16,9.95,9.68,10.71,11.38,11.24,11.5,10.43,9.43,9.13,8.72,9.28,9.42,9.66,10.13,11.69,12,11.93,11.85
"North Dakota",5.6,5.75,5.86,6.28,6.81,7.46,7.24,7.46,7.47,6.91,6.31,5.87,5.64,5.83,5.83,6.1,6.63,7.25,7.23,7.23,7.22,6.61,6.03,5.99,5.8,5.79,5.93,6.46,7.05,7.51,7.41,7.35,7.34,7.02,6.13,5.7,5.89,5.85,6.23,6.64,7.15,7.83,7.9,7.94,7.86,7.23,6.72,6.28,5.79,6.07,6.26,6.86,7.42,8.05,7.91,7.98,8.23,7.73,7.11,6.33,6.37,6.5,6.41,6.88,7.53,7.89,8.07,8.01,8.25,7.75,6.95,6.42,6.35,6.22,6.94,6.84,7.82,8.4,8.3,8.02,8.26,7.91,7.38,6.98,6.58,6.94,6.98,7.42,7.75,8.64,8.52,8.42,8.6,8.35,7.59,6.85,6.57,6.93,6.88,7.36,8.26,8.86,8.91,8.93,8.73,7.85,7.55,6.99,6.83,7.06,7.3,7.92,8.51,9.4,9.46,9.36,9.53,8.99,8.13,7.71,6.97,7.36,7.55,8.34,9.08,10.3,9.95,10.14,10.12,9.33,8.66,8.41,7.68,8.14,8.46,9.25,9.63,10.59,10.03,10.3,10.5,9.45,8.64,8.38,7.71,8.25,8.39,8.62,9.64,10.94,10.27,10.87,10.65
"South Dakota",6.52,6.76,6.89,7.23,7.76,8.25,8.06,7.9,7.97,7.77,7.38,7,6.72,6.94,6.89,7.21,7.57,8.06,7.9,7.88,7.93,7.7,7.17,6.96,6.86,6.84,6.99,7.4,7.72,8.31,8.05,7.98,7.93,7.85,7.3,6.93,6.83,6.87,7.2,7.65,7.94,8.41,8.4,8.28,8.23,8.02,7.54,7.2,6.8,7.1,7.32,7.68,8.24,8.58,8.3,8.07,8.35,8.3,7.86,7.22,6.98,7.39,7.41,7.65,8.35,8.32,8.43,8,8.31,8.42,7.88,7.41,7.32,7.17,7.6,8.01,8.41,8.7,8.58,8.45,8.81,8.66,8.2,7.78,7.48,7.58,7.73,8,8.57,9.07,9,8.83,9.19,9.09,8.29,7.75,7.63,7.84,7.91,8.23,8.86,9.25,9.32,9.23,9.33,9.02,8.49,8.12,7.8,8.07,8.28,8.8,9.43,9.86,9.94,9.68,9.81,9.84,9.19,8.49,8.34,8.4,8.63,9,9.59,10.29,10.21,9.91,10.27,10.15,9.61,9.18,9.22,9.26,9.49,10.22,10.61,10.47,10.59,10.6,10.85,10.66,10.01,9.58,9.07,9.48,9.6,9.77,10.66,11.29,11.19,11.35,11.16
"South Atlantic",7.37,7.62,7.81,7.98,8.34,8.23,8.42,8.46,8.35,8.25,8.01,7.81,7.6,7.83,7.82,7.97,8.01,7.98,8.17,8.16,8.09,7.98,7.89,7.3,7.53,7.48,7.74,8.25,8.26,8.39,8.37,8.5,8.44,8.44,8.29,7.67,7.76,7.82,8.03,8.6,8.43,8.49,8.61,8.69,8.69,8.54,8.47,7.91,8.14,8.3,8.44,8.76,8.97,9.03,9.07,9.15,9.27,9.1,8.98,8.58,9.01,9.17,9.18,9.63,9.89,10.07,10.08,10.18,10.25,10.18,9.75,9.34,9.32,9.26,9.59,9.94,9.98,10.34,10.47,10.45,10.4,10.37,10.12,9.81,9.66,9.77,10.06,10.33,10.61,10.87,11.19,11.32,11.27,11.3,10.82,10.53,10.78,11.1,11.15,11.34,11.41,11.53,11.6,11.57,11.65,11.61,11.38,10.75,9.81,10.71,10.67,11.22,11.2,11.31,11.38,11.45,11.34,11.22,10.97,10.53,10.4,10.69,11.09,11.16,11.41,11.41,11.47,11.55,11.59,11.44,11.13,10.92,10.9,11.15,11.21,11.45,11.24,11.71,11.56,11.7,11.7,11.48,11.2,11.01,10.83,10.95,10.89,11.17,11.54,11.67,11.75,11.76,11.81
"Delaware",7.61,7.8,7.93,8.25,8.69,9.44,9.32,9.32,9.34,8.74,8.58,8.44,7.89,8.09,8.17,8.43,8.71,9.47,9.36,9.33,9.4,8.65,8.47,8,7.77,7.61,7.82,8.31,8.64,9.56,9.36,9.37,9.39,8.76,8.68,8.14,7.83,7.65,8.11,8.41,8.78,9.65,9.61,9.63,9.62,8.93,8.84,8.43,8.05,7.89,8.03,8.56,9,9.91,9.84,9.81,9.9,9.14,9.23,8.68,8.66,8.87,8.91,9.41,12.1,13.94,13.72,13.51,13.62,13.71,13.4,12.9,12.43,12.01,12.24,12.95,13.54,13.79,13.7,13.65,13.68,13.77,13.68,12.94,12.53,12.57,12.94,13.84,14.42,14.57,14.47,14.49,14.72,14.92,14.68,13.82,13.2,13.14,13.61,14.15,14.68,14.82,14.44,14.32,14.4,14.7,14.5,13.82,12.65,12.93,13.07,14.22,14.72,14.43,13.95,13.95,14.14,14.67,14.48,13.65,12.9,13,13.72,13.89,14.68,14.12,13.77,13.69,13.94,14.1,13.92,13.52,13.03,13.17,13.52,13.93,14.37,13.98,13.32,13.57,13.74,14.53,13.63,13.03,12.85,12.69,13.02,13.38,14.27,13.18,12.28,12.67,12.84
"District of Columbia",7.16,6.9,6.65,6.68,8.77,8.97,9.18,8.91,8.37,6.68,6.91,7.17,7.03,7.72,6.76,6.82,7.94,9.1,9.21,9.48,8.59,6.2,7,7.12,7.07,7.02,6.97,6.88,8.84,9,9.14,8.97,8.36,6.37,6.82,7.16,7.2,7.27,7.17,6.97,8.56,9.75,9.3,9.06,8.6,7.24,6.59,6.94,7.45,8.38,8.68,8.77,7.7,9.42,10.09,10.01,10.07,9.91,8.8,8.96,9.34,8.12,8.54,8.92,9.59,10.86,10.81,10.86,11.39,10.32,8.99,9.86,10.01,9.9,9.52,9.84,9.59,11.98,12.72,12.58,12.24,12.05,10.6,11.44,10.79,10.76,11.13,11.21,11.08,13.35,14.96,14.48,13.63,14,13.11,12.94,13.08,13.05,13.15,12.99,12.97,14.18,14.53,14.74,14.77,14.28,12.92,13.7,13.29,13.41,13.22,13.73,14,14.74,14.59,14.76,14.39,14.37,13.32,13.48,13.62,13.64,15.18,13.68,14.03,14.12,13.03,13.06,13.22,13.27,11.86,12.24,11.78,12.21,12.2,12.49,12.39,13.18,12.26,12.23,12.22,12.35,12.21,11.98,12.06,11.97,12.14,12.36,12.52,12.65,12.89,12.98,12.79
"Florida",8.14,8.29,8.51,8.84,8.93,8.2,8.76,8.77,8.82,8.7,8.7,8.58,8.38,8.57,8.53,8.44,8.1,7.61,8.07,8.09,8.09,8.14,8.21,7.92,8.09,7.99,8.21,8.87,8.56,8.51,8.49,8.72,8.74,8.88,8.98,8.65,8.8,8.84,8.94,9.91,8.95,8.86,8.93,8.93,8.99,9,9.12,8.87,9.21,9.38,9.55,9.66,9.64,9.56,9.58,9.66,9.69,9.8,9.91,9.81,11.04,11.15,11.2,11.3,11.31,11.39,11.4,11.47,11.47,11.45,11.41,11.19,11.06,10.99,11.16,11.23,11.18,11.23,11.29,11.28,11.3,11.31,11.34,11.19,11.07,11.04,11.21,11.27,11.36,11.55,11.73,12.09,12.06,12.08,11.98,12.04,12.48,12.65,12.6,12.37,12.25,12.22,12.38,12.3,12.39,12.37,12.5,12.21,9.34,11.49,11.54,11.63,11.55,11.65,11.71,11.77,11.73,11.7,11.7,11.68,11.33,11.28,11.46,11.41,11.52,11.6,11.61,11.62,11.59,11.51,11.56,11.47,11.55,11.33,11.09,11.42,11,11.49,11.31,11.49,11.6,11.53,11.82,11.38,11.34,11.4,11.19,11.14,11.29,11.29,11.39,11.32,11.65
"Georgia",6.75,7.28,7.48,7.4,7.82,8.37,8.4,8.48,7.94,7.79,7.36,7.05,7.04,7.38,7.35,7.53,7.72,8.09,8.16,8.24,8.02,7.55,7.46,6.42,7.16,7.07,7.45,7.72,7.8,8.18,8.25,8.4,8,7.9,7.53,6.72,7.05,7.31,7.61,7.8,7.97,8.14,8.4,8.52,8.4,7.9,7.78,7.07,7.73,7.84,8.13,8,8.47,8.93,9.08,9.31,9.45,8.66,8.65,8.64,8.09,8.41,8.4,8.65,8.76,9.3,9.65,9.93,9.21,8.89,8.33,8.04,8.16,8.39,8.77,9.12,8.93,9.56,9.78,9.99,9.61,8.77,8.62,8.45,8.58,8.78,9.23,9.37,9.65,10.88,11.06,11.01,10.56,10.2,9.51,9.18,9.36,9.66,9.78,9.8,10.03,10.82,10.85,10.88,10.69,10.15,9.68,9.12,8.94,9.3,9.56,9.89,10.22,10.83,10.87,11.03,10.61,10,9.59,9.29,9.69,9.82,10.9,10.71,11.31,11.99,11.96,12.12,11.57,10.85,10.45,10.21,10.23,10.61,10.58,10.77,11.08,11.88,12.13,12.18,11.87,10.89,10.28,10.29,10.25,10.41,10.64,10.8,11.53,12.17,12.3,12.34,11.95
"Maryland",6.74,6.88,6.99,7.17,8.46,8.56,8.65,8.76,8.46,7.41,7.13,7.01,6.92,7.03,7,7.23,8.12,8.72,8.69,8.52,8.35,7.67,7.38,6.82,6.89,6.84,6.99,7.27,7.91,8.79,8.77,8.74,8.74,7.71,7.36,7,6.84,6.88,7.07,7.23,7.96,8.78,8.86,9.03,8.53,7.65,7.59,7.38,7.61,7.65,7.75,7.86,8.94,9.35,9.23,9.34,9.15,8.24,8.24,7.88,8.36,8.25,8.31,8.62,9.42,10.74,10.6,10.6,11.06,10.69,9.91,9.94,9.67,9.5,9.89,9.98,10.61,13.77,13.56,13.55,13.4,13.32,12.67,12.88,12.92,12.83,12.88,13.37,13.88,14.28,14.61,14.59,14.48,14.64,14,13.88,14.37,14.76,14.71,14.8,14.97,15.89,15.93,15.68,15.43,14.87,14.17,14.25,14.08,14.12,14.37,14.59,14.48,15.11,14.93,14.86,14.94,13.62,13.23,13.21,13.12,13.39,13.56,13.77,13.95,13.72,13.11,13.32,13.38,13.19,12.72,12.76,12.48,12.55,12.86,12.9,12.95,13.14,12.88,13.09,13.17,13.03,12.4,12.67,12.5,12.5,12.55,12.78,12.88,13.97,13.71,13.89,13.92
"North Carolina",7.53,7.77,8.02,8,8.22,8.19,8.31,8.35,8.35,8.67,8.23,8.06,7.8,8.04,8.08,8.25,8.26,8.14,8.36,8.35,8.46,8.63,8.36,7.73,7.9,7.84,8.14,8.58,8.45,8.33,8.41,8.57,8.68,8.97,8.68,7.87,7.92,8.04,8.32,8.54,8.44,8.22,8.56,8.75,8.96,9.11,8.87,8.14,8.1,8.3,8.35,8.72,8.85,8.57,8.67,8.76,8.94,9.38,9.18,8.43,8.57,8.77,8.74,9.16,9.23,9.03,9.2,9.31,9.68,9.76,9.23,8.85,8.85,8.88,9.21,9.61,9.48,9.32,9.67,9.51,9.64,10.01,9.58,9.19,8.77,8.94,9.24,9.49,9.72,9.46,9.82,9.81,10,10.26,9.64,9.35,9.32,9.74,9.82,10.16,10.19,9.96,10.23,10.12,10.45,10.67,10.22,9.5,9.36,9.99,9.91,10.55,10.37,10.14,10.43,10.52,10.54,10.64,10.08,9.44,9.33,10.09,10.13,10.33,10.45,10.13,10.37,10.43,10.95,11.17,10.35,10.08,10.09,10.76,10.99,11.42,10.8,11,11.03,11.23,11.52,11.41,10.53,10.41,10.19,10.46,10.29,11.04,11.2,11.04,11.17,11.33,11.47
"South Carolina",7.36,7.49,7.76,7.69,7.79,7.8,7.7,7.75,7.68,7.97,7.78,7.73,7.38,7.65,7.66,7.95,7.9,7.89,7.84,7.79,7.76,7.78,7.93,7.31,7.61,7.5,7.86,8.37,8.19,8.2,8.03,8.19,8.13,8.31,8.59,7.75,7.66,7.66,7.43,8.65,8.26,8.22,8.22,8.34,8.51,8.43,8.71,7.85,7.96,8.27,8.39,8.81,8.96,8.68,8.79,8.84,8.91,8.9,8.95,8.79,8.56,8.65,8.59,9.05,9.08,9.18,9.09,9.26,9.29,9.29,9.34,8.86,8.86,8.89,8.98,9.35,9.29,9.29,9.31,9.33,9.2,9.38,9.32,9.06,9.08,9.09,9.41,9.75,10.15,10.26,10.14,10.28,10.25,10.43,10.09,9.7,9.96,10.26,10.43,10.67,10.64,10.59,10.55,10.46,10.47,10.97,10.93,9.82,9.95,10.3,9.11,10.96,10.75,10.8,10.78,10.86,10.69,11.09,11.14,10.13,10.09,10.77,11.19,11.21,11.38,10.72,10.99,11.16,11.77,11.49,11.39,11.28,11.15,11.64,12.04,11.94,11.4,12.32,11.48,12.14,11.85,11.8,11.67,11.87,11.63,11.44,10.96,11.86,12.52,12.02,12.12,12.01,11.89
"Virginia",6.84,7.24,7.49,7.62,8.17,8.46,8.34,8.41,8.07,8.03,7.74,7.5,7.15,7.48,7.51,7.77,8.17,8.36,8.34,8.31,8.03,7.8,7.59,7.05,7.08,7.12,7.42,7.81,8.26,8.44,8.39,8.34,8.08,7.95,7.67,7.23,7.39,7.3,7.67,7.95,8.41,8.49,8.59,8.54,8.4,8.17,7.94,7.45,7.51,7.57,7.72,8.41,8.37,8.68,8.76,8.71,8.97,8.1,7.92,7.44,7.68,7.92,7.99,8.43,8.96,9.05,9,9.01,8.87,8.73,8.47,7.85,8.17,8.02,8.28,8.69,8.93,9.34,9.32,9.33,9.15,8.97,8.64,8.21,8.2,8.4,8.59,8.89,9.47,9.61,10.75,10.8,10.51,10.38,10.02,9.86,9.95,10.12,10.25,10.65,11.11,11.15,11.01,10.95,11.15,10.86,10.51,10.12,9.96,10.22,10.14,10.8,10.79,10.8,10.83,10.85,10.61,10.57,10.27,9.92,9.57,9.7,10.18,10.43,10.84,11.04,11.28,11.4,11.23,11.12,10.85,10.48,10.45,10.89,11.09,11.38,11.5,11.84,11.42,11.25,11.1,11.03,10.71,10.51,9.99,10.3,10.49,10.61,11.3,11.51,11.58,11.59,11.62
"West Virginia",5.9,6.03,6.21,6.22,6.53,6.55,6.38,6.3,6.28,6.56,6.41,6.25,6,6.06,6.14,6.26,6.43,6.53,6.25,6.24,6.25,6.48,6.43,6.06,5.99,5.92,6.15,6.48,6.61,6.51,6.35,6.28,6.34,6.54,6.4,5.96,5.97,5.96,6.19,6.32,6.51,6.36,6.3,6.27,6.39,6.53,6.46,6.01,5.92,6.03,6.19,6.32,6.63,6.41,6.18,6.15,6.33,6.55,6.38,5.92,5.92,6.18,6.16,6.43,6.79,6.44,6.34,6.34,6.77,6.81,6.43,6.23,6.31,6.2,6.35,6.75,6.96,6.73,6.9,7.09,6.98,7.28,7.06,6.74,6.58,6.68,6.73,7.1,7.29,7.07,7.22,7.52,7.44,7.61,7.3,6.93,7.42,7.65,7.74,7.99,8.08,7.96,7.89,7.94,7.98,8.3,8.4,8.02,8.21,8.35,8.43,8.94,8.96,8.65,8.94,9.2,9.29,9.49,9.19,8.77,8.77,8.81,9.11,9.43,9.81,9.42,9.53,9.69,9.89,10.04,9.65,9.47,9.49,9.68,9.85,9.84,10.48,9.92,9.88,9.85,10.04,10.18,9.85,9.63,9.37,9.43,9.47,9.67,10.04,9.74,9.6,9.72,9.63
"East South Central",5.99,6.24,6.5,6.61,6.73,6.72,6.64,6.61,6.62,6.65,6.57,6.47,6.13,6.35,6.39,6.68,6.81,6.79,6.73,6.68,6.7,6.69,6.65,6.26,6.31,6.31,6.58,6.99,6.89,7.14,6.94,6.93,6.83,7.04,7.05,6.67,6.56,6.65,6.98,7.3,7.31,7.29,7.33,7.35,7.33,7.36,7.3,6.91,6.74,6.88,7.05,7.4,7.63,7.57,7.49,7.51,7.63,7.83,7.95,7.55,7.5,7.69,7.83,8.41,8.52,8.65,8.42,8.49,8.43,8.22,7.98,7.71,7.86,7.79,8.08,8.57,8.59,8.6,8.42,8.58,8.28,8.65,8.66,8.37,8.2,8.21,8.38,9.04,9.38,9.6,9.81,9.72,9.64,10.39,10.04,9.69,9.47,9.55,9.74,9.85,9.86,9.95,9.71,9.76,9.68,9.59,9.27,8.92,8.59,8.64,8.84,9.78,9.93,9.76,9.87,10.05,10.01,10.48,10.16,9.49,9.47,9.62,10.12,10.2,10.4,10.27,10.28,10.27,10.42,10.59,10.31,10.12,9.91,10,10.29,10.48,10.4,10.45,10.33,10.32,10.5,10.59,10.35,10.33,10.04,10.03,10.06,10.45,10.77,10.83,10.73,10.64,10.57
"Alabama",6.33,6.66,7.38,7.34,7.23,7.14,7.05,7.08,7.01,7.29,7.16,6.97,6.54,6.96,7.03,7.38,7.22,7.32,7.39,7.34,7.28,7.14,7.27,6.64,6.89,6.86,7.18,7.81,7.18,7.72,7.64,7.67,7.51,7.46,7.67,7.26,6.97,7.2,7.66,8.14,7.78,7.76,7.91,7.87,7.82,7.75,7.63,7.16,7,7.23,7.58,7.87,8.19,8.31,8.25,8.18,8.47,8.14,8.61,8.03,7.73,8.14,8.27,8.96,8.69,9.35,9.18,9.56,9.13,8.64,8.45,8.09,8.62,8.73,9.06,9.58,9.39,9.66,9.46,9.94,9.33,9.44,9.41,9.03,9.22,9.25,9.37,9.83,9.96,10.92,11.06,11.03,11.03,11.56,11.02,10.25,10.48,10.54,10.63,11.06,10.58,11.24,10.85,10.98,10.91,10.42,10.21,9.82,9.82,9.77,10.25,11.19,10.99,10.81,10.79,11.18,11.1,11.44,10.89,10.34,10.28,10.56,10.92,10.87,11.25,11.29,11.34,11.41,11.56,11.73,11.15,10.87,10.91,11.21,11.48,11.56,11.14,11.56,11.58,11.71,11.76,11.71,11.04,10.96,10.84,10.92,10.97,11.4,11.43,11.66,11.56,11.6,11.74
"Kentucky",5.14,5.54,5.5,5.64,5.75,5.75,5.69,5.59,5.72,5.79,5.67,5.54,5.26,5.51,5.48,5.71,5.94,5.85,5.77,5.78,5.8,5.84,5.68,5.34,5.41,5.43,5.7,5.95,5.97,6.2,5.92,5.91,5.83,6.16,6.1,5.68,5.58,5.65,5.93,6.16,6.25,6.28,6.23,6.2,6.29,6.53,6.53,6.17,6.19,6.2,6.24,6.73,6.9,6.61,6.63,6.71,6.57,6.97,6.85,6.52,6.45,6.52,6.71,7.22,7.43,7.32,7.21,7.23,7.24,7.25,6.98,6.94,6.9,6.88,7.06,7.67,7.55,7.46,7.35,7.38,7.31,7.63,7.76,7.55,7.04,7.24,7.35,7.8,8.18,8.21,8.28,8.17,7.98,8.76,8.38,8.44,8.15,8.23,8.4,8.56,8.56,8.49,8.59,8.62,8.43,8.48,8.08,8.05,7.73,8.02,7.55,8.71,8.77,8.51,8.87,9.15,8.94,9.68,9.2,8.51,8.57,8.79,9.22,9.4,9.44,9.24,9.24,9.19,9.66,9.69,9.41,9.22,8.98,9.07,9.47,9.63,9.72,9.48,9.27,9.45,9.83,9.72,9.41,9.46,9.25,9.42,9.33,9.87,10.16,10.04,10.04,9.87,9.94
"Mississippi",6.45,6.69,7.14,7.42,7.76,7.81,7.82,7.89,7.77,7.13,7.13,6.99,6.5,6.75,6.78,7.38,7.54,7.76,7.73,7.52,7.48,7.25,7.33,6.94,6.8,6.88,7.45,7.83,7.94,8.26,8.04,7.97,7.74,7.48,7.43,7.03,7.2,7.23,7.64,8.28,8.44,8.67,8.75,8.85,8.66,8.23,8.11,7.94,7.34,7.64,8.15,8.44,8.69,8.76,8.78,8.96,9.25,9.23,9.79,9.27,9.61,9.97,10.15,10.15,10.2,10.23,9.59,9.65,9.56,9.19,9.12,8.55,8.69,8.58,9.12,9.7,9.84,9.75,9.54,9.63,9.3,9.49,9.49,9.23,9.14,9.12,9.62,10,10.47,10.45,11.38,11.29,10.91,10.82,10.65,10.27,9.81,9.98,10.33,10.58,10.69,10.55,10.21,10.24,10.27,10.38,10.38,9.52,8.87,9.01,9.31,10.4,10.55,10.21,10.25,10.29,10.07,10,10.25,9.64,9.64,9.74,10.59,10.68,10.7,10.37,10.05,10.06,9.98,10.33,10.56,10.08,10.03,10.43,10.62,10.66,10.37,10.26,10.14,9.95,9.98,10.31,10.65,10.29,9.99,10.38,10.34,11.18,11.3,11.14,10.88,10.81,10.82
"Tennessee",6.11,6.23,6.32,6.36,6.46,6.37,6.28,6.24,6.27,6.46,6.51,6.55,6.26,6.34,6.37,6.51,6.58,6.52,6.35,6.34,6.36,6.52,6.58,6.36,6.31,6.3,6.44,6.66,6.64,6.53,6.44,6.42,6.41,7.03,7.07,6.79,6.7,6.74,6.9,7.05,7.1,6.89,6.82,6.85,6.89,7.06,7.14,6.88,6.71,6.78,6.85,7.05,7.15,6.96,6.82,6.82,6.9,7.33,7.42,7.3,7.19,7.29,7.37,8,8.2,8.03,7.95,7.88,7.91,7.98,7.85,7.61,7.63,7.46,7.69,7.97,8.06,7.89,7.74,7.76,7.61,8.24,8.37,8.13,7.85,7.81,7.96,8.9,9.12,8.91,8.97,8.87,8.95,10.3,10.26,9.93,9.57,9.56,9.78,9.59,9.7,9.49,9.09,9.22,9.16,9.25,8.89,8.61,8.11,8.1,8.43,9.18,9.47,9.46,9.59,9.58,9.72,10.45,10.19,9.5,9.41,9.43,9.98,9.98,10.13,9.98,10.22,10.13,10.22,10.38,10.15,10.19,9.8,9.64,9.83,10.11,10.24,10.24,10.14,10,10.18,10.41,10.33,10.48,10.03,9.66,9.79,9.88,10.38,10.46,10.42,10.24,9.89
"West South Central",7.52,7.87,8.3,8.4,8.62,9.23,8.99,8.96,8.7,8.56,7.82,7.63,7.45,7.46,7.28,7.5,7.78,8.24,8.19,7.83,7.83,7.36,7.26,7.57,7.25,7.55,8.45,8.59,8.91,9.51,9.39,9.34,8.99,8.49,8.05,7.68,7.94,7.94,8.36,8.83,9.1,9.74,9.74,9.94,9.61,9.01,8.66,8.58,8.29,8.68,9.13,9.3,9.78,10.32,10.35,10.52,10.86,10.82,10.77,10.39,10.73,10.93,10.97,11.41,11.59,11.91,11.78,11.92,12.08,11.93,11.13,10.42,10.66,10.66,11.19,11.39,11.46,11.47,11.38,11.24,11.35,11.38,10.94,10.58,10.32,10.29,10.86,11.42,11.88,12.33,12.88,12.81,12.52,12.43,12.05,11.41,10.97,11.38,11.4,11.39,11.47,11.16,11.1,10.94,11.03,10.9,10.62,10.17,10.06,10.26,10.52,11.18,11.12,10.92,10.83,10.85,10.89,10.88,10.5,10.11,9.66,9.75,10.35,10.53,10.64,10.69,10.59,10.64,10.78,10.75,10.46,9.99,9.92,10.25,10.31,10.42,10.24,10.27,10.2,10.35,10.54,10.53,10.4,10.18,10.06,10.33,10.35,10.78,11.07,10.96,10.89,10.94,10.91
"Arkansas",6.88,7.11,7.42,8,8,8.3,8.06,8.11,8.07,7.49,7.5,7.4,6.8,7.03,7,7.14,7.41,7.8,7.72,7.5,7.59,6.87,7.08,6.69,6.44,6.54,7,7.28,7.51,8.12,7.84,7.84,7.46,7.02,6.98,6.55,6.51,6.5,6.86,7.43,7.64,8,7.87,7.96,7.79,7.09,7.46,6.98,6.65,6.86,7.23,7.79,8.01,8.34,8.31,8.48,8.84,8.37,8.37,8.12,8.15,8.08,8.07,8.55,8.69,8.91,9.14,9.77,9.51,9.06,8.94,8.59,8.24,8.12,8.86,8.63,8.52,8.74,9.19,9.09,9.02,8.72,9.04,8.4,7.95,8.16,8.56,9.39,9.66,10.08,10.04,9.77,9.98,9.73,9.43,8.7,8.6,8.96,9.25,9.06,9.22,9.23,9.42,9.48,9.38,9.33,9.1,8.62,8.46,8.56,8.74,9.34,9.41,9.46,8.9,8.89,8.91,8.79,8.93,8.28,7.82,7.89,8.44,9.06,9.34,9.49,9.56,9.61,9.64,9.41,9.29,8.64,8.41,8.68,8.99,9.35,9.14,9.58,9.62,9.69,9.8,9.39,9.46,9.07,8.74,9.01,9.07,9.38,9.86,10.05,9.94,9.97,10
"Louisiana",7.97,8.52,9.17,8.64,8.33,8.8,7.83,7.56,7.55,7.82,6.59,6.38,6.27,6.42,6.33,6.54,7.1,7.69,7.67,7.46,7.45,7.22,7.11,7.08,6.68,6.59,7.67,8,8.23,8.3,8.38,8.44,8.41,8.12,7.31,7.12,7.29,7.28,7.65,7.83,8.06,8.23,8.34,8.86,8.52,8.28,7.46,7.98,7.45,7.73,7.81,7.74,8.12,8.86,9.08,9.26,9.28,9.99,10.65,9.74,8.89,9.59,8.67,8.76,8.82,9.09,9.07,9.14,9.7,10.16,8.9,8.42,8.86,9.04,9.13,9.7,9.91,9.5,9.64,9.54,9.24,9.71,8.88,9.19,8.5,8.68,9.48,9.8,10.33,10.37,11.27,11.79,11.24,10.94,10.4,9.33,8.67,8.78,8.66,8.48,8.52,7.63,8.01,7.9,7.95,7.96,7.39,7.6,8.14,8.57,9.23,9.22,9.05,8.86,9.14,9.29,9.53,9.58,8.86,8.19,7.9,8.24,8.83,8.9,9.14,9.47,9.36,9.41,9.49,9.45,8.62,8.18,8.15,8.4,8.4,8.38,8.48,8.01,8.38,8.29,8.56,8.68,8.39,8.47,8.76,9.03,9.14,9.12,9.66,9.65,9.74,9.72,9.68
"Oklahoma",6.53,6.76,7.45,7.71,7.73,8.03,7.96,8.01,7,6.66,6.15,6.02,5.65,6.04,5.96,6.18,6.69,7.51,7.41,7.1,7.37,7.1,6.53,6.14,6.08,6.55,7.5,7.69,7.88,8.54,8.4,8.36,7.95,7.43,6.63,5.75,6.37,6.62,7.32,7.93,7.49,8.75,8.59,8.36,8.27,8.14,7.09,6.82,6.28,6.86,7.24,7.59,7.57,8.28,8.15,8.36,9.31,9.12,8.25,7.46,8.76,8.59,8.2,8.85,8.27,8.64,8.58,9.1,9.85,8.79,8.02,6.46,7,7.64,8.62,8.89,8.63,8.76,8.98,8.86,9.72,9.27,8.84,7.87,7.23,8.02,8.24,8.85,9.15,9.87,10.24,10.41,10.18,9.83,8.94,7.43,7.45,9.32,8.28,8.56,8.67,8.24,8.54,8.35,9.99,10.04,8.17,7.3,7.54,8.07,8.42,9.73,10.11,9.33,9.58,9.53,10.3,10.02,9.32,8.16,8.01,8.29,9.53,10.08,9.67,9.71,9.62,9.85,11.05,10.44,9.51,8.34,8.7,9.48,9.87,10.31,9.53,9.5,9.12,9.7,10.13,10.09,9.57,8.67,8.01,9.15,9.36,10.31,10.43,10.18,9.8,9.91,10.58
"Texas",7.68,8.02,8.39,8.52,8.91,9.63,9.55,9.53,9.27,9.11,8.4,8.23,8.11,7.98,7.79,7.98,8.15,8.5,8.49,8.07,8.04,7.51,7.44,8.07,7.71,8.11,9.02,9.03,9.35,10.07,9.97,9.89,9.52,8.93,8.59,8.38,8.61,8.55,8.93,9.39,9.76,10.44,10.48,10.71,10.32,9.57,9.37,9.24,9.15,9.5,10.05,10.15,10.72,11.21,11.29,11.47,11.66,11.6,11.5,11.42,11.91,12.12,12.42,12.72,12.98,13.41,13.31,13.35,13.25,13.18,12.52,11.91,12.08,11.97,12.46,12.56,12.62,12.73,12.51,12.4,12.44,12.42,12.03,11.75,11.68,11.45,12.04,12.48,12.88,13.4,14.05,13.82,13.49,13.53,13.31,13.15,12.52,12.77,12.95,12.87,12.8,12.63,12.39,12.18,12.1,12.01,12.11,11.52,11.21,11.34,11.51,12.12,11.94,11.85,11.71,11.7,11.58,11.62,11.32,11.25,10.7,10.65,11.13,11.16,11.27,11.25,11.16,11.15,11.16,11.23,11.19,10.89,10.77,11.05,11.01,11.02,10.84,10.97,10.87,10.96,11.11,11.16,11.11,10.99,10.89,11.07,11.03,11.44,11.59,11.45,11.42,11.46,11.33
"Mountain",6.7,6.96,7.12,7.59,8.45,8.49,8.21,8.32,8.39,8.19,7.32,7.41,7.2,7.18,7.24,7.5,8.41,8.47,8.27,8.2,8.42,8.34,7.47,7.42,7.36,7.62,7.64,7.83,8.55,8.51,8.31,8.31,8.33,8.38,7.5,7.5,7.36,7.54,7.64,8,8.73,8.77,8.68,8.69,8.73,8.57,8.04,7.75,7.9,8.06,8.15,8.43,8.97,9.08,9.03,9.03,9.04,8.95,8.56,8.34,8.29,8.41,8.54,8.72,9.41,9.42,9.43,9.46,9.4,9.2,8.47,8.33,8.38,8.53,8.75,8.98,9.55,9.77,9.96,9.83,9.79,9.59,8.97,8.83,8.76,8.9,9.13,9.53,10.23,10.56,10.58,10.52,10.38,10.06,9.45,9.22,9.19,9.39,9.49,9.77,10.36,10.6,10.86,10.96,10.8,10.47,9.78,9.69,9.5,9.78,9.88,10.15,10.9,11.24,11.28,11.24,11.08,10.44,9.86,9.62,9.6,9.74,9.91,10.33,10.81,11.21,11.32,11.32,11.02,10.73,10.11,9.85,10,10.19,10.29,10.67,11.18,11.51,11.58,11.54,11.36,11.03,10.61,10.39,10.26,10.51,10.65,11.09,11.41,11.84,12.1,11.98,11.86
"Arizona",6.99,7.13,7.4,8.09,9.41,9.04,8.84,8.84,8.81,8.95,7.17,7.26,7.01,7.17,7.46,7.69,9.37,8.97,8.65,8.78,8.79,8.99,7.37,7.46,7.06,7.57,7.59,7.82,9.52,9.09,8.78,8.74,8.7,8.83,7.21,7.55,7.27,7.49,7.61,8.05,9.26,9.1,8.88,8.87,8.96,8.79,8.05,7.86,7.75,7.99,8.19,8.67,9.6,9.41,9.3,9.28,9.3,9.23,8.12,7.88,8.05,8.21,8.38,8.92,10.19,10.05,9.9,9.88,9.89,9.88,8.74,8.56,8.33,8.46,8.8,9.19,10.2,9.96,10.37,10.33,10.17,10.16,9.08,8.89,8.85,9.02,9.38,10.02,11.03,11.06,10.95,10.87,10.63,10.46,9.55,9.61,9.51,9.82,9.93,10.65,11.33,11.27,11.3,11.29,11.17,10.97,9.86,9.7,9.57,9.84,9.98,10.24,11.75,11.74,11.78,11.59,11.52,10.96,10.14,10,9.84,9.93,10.25,10.97,11.77,11.77,11.85,11.67,11.53,11.08,10.31,9.98,10.01,10.26,10.44,11.17,11.88,11.9,11.86,11.83,11.66,11.36,10.73,10.41,10.25,10.7,10.87,11.74,12.19,12.18,12.51,12.33,12.22
"Colorado",6.71,7.15,7.03,7.46,7.84,8.18,7.31,7.45,8.13,7.74,7.11,7.63,6.84,6.93,6.95,7.2,7.83,7.74,7.38,7.54,7.73,7.91,7.38,7.14,7.53,7.78,7.75,8,8.61,8.5,8.34,8.17,8.3,8.6,8.18,8.02,7.98,8.08,8.23,8.4,8.65,8.67,8.56,8.61,8.74,8.85,8.59,7.74,8.64,8.73,8.8,8.81,9.14,9.11,9.01,8.97,9.08,9.11,9.76,9.62,9.05,9.23,9.47,9.2,8.98,8.76,9.14,9.29,9.07,8.93,8.68,8.45,8.98,9.22,9.43,9.46,9.62,9.72,9.09,8.97,9.17,9.34,9.35,9.01,8.97,9.26,9.38,10.13,10.41,10.54,10.94,11.09,11.06,10.32,9.97,9.45,9.21,9.44,9.37,9.54,9.68,9.94,10.38,10.41,10.67,10.51,10.39,10.19,10.29,10.56,10.57,11.19,11.48,11.89,11.7,11.7,11.66,10.53,10.39,10.26,10.37,10.47,10.58,11.1,11.15,11.95,12.16,12.16,11.98,11.04,11.01,10.77,10.61,10.76,10.84,11.04,11.27,12.01,12.32,12.15,12.11,11.33,11.38,11.07,11.06,11.28,11.37,11.58,11.6,12.42,12.81,12.57,12.52
"Idaho",5.21,5.36,5.41,5.51,6.48,6.58,6.35,6.4,6.32,6.29,6.52,6.51,6.56,6.44,6.13,6.09,6.57,7.03,6.96,7.08,6.81,6.77,6.55,6.46,6.53,6.53,6.6,6.49,6.43,6.31,6.15,6.15,6.18,6.15,5.82,5.69,5.75,5.77,5.77,5.75,6.17,6.69,6.61,6.61,6.46,6.34,6.05,5.86,5.91,5.89,5.9,5.93,6.13,6.9,6.89,6.87,6.61,6.6,6.27,6.08,6.14,6.3,6.31,6.41,6.62,6.46,6.33,6.34,6.22,6.13,5.94,5.67,5.7,5.77,5.89,6,6.09,6.97,6.98,6.98,6.78,6.78,6.54,6.31,6.33,6.44,6.67,6.65,6.83,7.65,7.48,7.55,7.3,7.4,7.24,7.04,7.07,7.25,7.34,7.31,7.4,8.34,8.47,8.4,7.78,8.18,7.87,8.47,7.79,7.72,7.77,7.86,8.02,8.2,8.55,8.48,8.07,8.05,7.87,7.76,7.82,7.78,7.78,7.82,8.07,8.45,8.5,8.62,6.73,7.87,7.86,7.43,8.15,8.09,8.18,8.16,8.39,9.04,9.75,9.77,8.31,9.11,8.67,8.55,8.59,8.52,8.46,8.66,8.79,10.19,10.5,10.27,9.52
"Montana",6.44,6.46,6.35,6.31,6.94,7.2,7.32,7.35,7.28,7.27,7.1,6.95,6.83,6.93,6.74,6.88,7.08,7.35,7.68,7.88,7.86,7.63,7.25,7.09,6.93,7.04,7.07,7.31,7.5,7.79,8.03,8.3,8.25,8.01,7.6,7.31,7.15,7.14,7.66,7.79,8.06,8.34,8.38,8.33,8.44,8.09,7.94,7.72,7.37,7.54,7.74,7.98,8.4,8.5,8.54,8.52,8.63,8.33,8.4,7.92,7.7,8.34,7.93,7.99,8.25,8.46,8.45,8.41,8.83,8.83,8.45,8.23,8.19,8.21,8.56,8.77,8.92,9.44,9.4,9.12,9.2,9.13,8.42,8.61,8.54,8.53,8.81,8.91,9.38,9.72,9.96,9.89,9.78,9.36,8.98,8.68,8.51,8.61,8.71,8.73,9.03,9.45,9.55,9.25,9.38,9.16,8.85,8.67,8.45,8.62,8.83,8.88,9.16,9.42,9.74,9.9,9.79,9.69,9.39,8.95,9.08,9.33,9.35,9.5,9.77,10.15,10.39,10.34,10.44,10.26,9.8,9.58,9.57,9.59,9.7,9.86,10.13,10.43,10.6,10.52,10.74,10.54,10.04,9.89,9.81,9.86,10.05,10.15,10.45,11.06,11.03,10.93,11.07
"Nevada",7.55,7.93,8.94,9.34,9.21,9.23,9.25,9.68,9.28,9.16,9.45,9.24,9.41,9.47,9.34,9.5,9.82,9.9,9.52,8.38,9.74,9.66,9.51,9.53,9.37,9.66,9.63,9.75,9.34,8.68,8.61,8.67,8.73,8.97,9.33,9.07,8.94,9.09,9.17,9.95,9.99,9.65,9.67,9.65,9.76,10.09,10.38,10.1,9.99,10.24,10.26,10.46,10.33,9.89,9.84,9.9,9.97,10.73,11.27,10.8,10.77,10.88,11.04,11.08,11.3,10.97,10.94,10.95,11.04,11.58,11.79,11.23,11.21,11.37,11.52,11.5,11.26,11.55,12.13,11.94,11.88,12.59,12.6,12.29,12,12.09,12.54,12.52,12.35,12.06,11.76,11.23,11.29,12.07,12.7,12.23,12.22,12.52,12.74,12.97,12.46,12.02,12.88,13.19,13.27,13.52,13.73,13,12.05,13,12.79,13,12.93,12.42,12.08,12.19,12.43,12.18,12.6,11.61,11.6,11.85,12.02,12.07,12.06,11.55,11.46,11.52,11.52,11.38,11.75,11.07,11.38,12.55,12.16,12.4,12.1,11.8,11.52,11.46,11.58,12.04,12.45,11.82,11.24,11.59,11.9,12.28,11.96,11.56,11.6,11.76,11.94
"New Mexico",7.98,8.01,8.24,8.75,9.24,9.13,8.94,9.07,9.19,9.29,8.61,8.46,8.16,7.41,7.76,8.37,9.25,8.86,8.84,8.86,8.78,8.94,8.47,8.26,8.15,8.34,8.46,8.71,8.65,9.05,8.96,9.12,9.07,8.96,8.45,8.17,8.13,8.35,8.3,8.55,8.95,8.92,9.04,9.07,9.1,9.01,8.35,8.17,8.48,8.81,8.57,8.78,9.05,9.21,9.39,9.47,9.35,9.68,9.42,9.2,9.25,9.04,8.95,8.84,8.97,9.04,9.16,9.3,9.27,9.37,8.74,8.64,8.46,8.77,8.86,9.03,9.22,9.38,9.37,9.29,9.29,9.47,9.25,9.07,8.93,9.05,9.1,9.47,10.08,10.85,11.04,11.21,10.65,10.36,9.79,9.27,9.49,9.95,10,9.6,9.55,10.32,10.67,10.96,10.23,10.36,9.54,9.3,9.63,9.9,9.98,10.17,10.43,11.26,11.54,11.79,10.79,10.63,9.9,9.69,9.6,10.07,10.26,10.45,10.39,11.48,11.79,12.32,11.36,12.84,10.29,10.58,10.79,10.63,10.72,10.77,11.04,12.08,12.18,12.49,11.98,11.51,10.69,10.71,10.88,11.21,11.31,11.33,11.36,12.48,12.76,12.64,11.99
"Utah",6.17,6.83,6.57,6.9,7.13,7.05,6.9,6.98,6.82,6.44,6.5,6.33,6.66,6.34,6.35,6.61,6.8,6.98,7.2,7.15,7.16,6.85,6.61,6.51,6.59,6.71,6.66,6.91,6.91,7.39,7.11,7.16,7.15,6.9,6.53,6.62,6.57,6.64,6.58,6.99,7.54,7.78,7.77,7.76,7.58,7.29,6.84,6.98,6.93,7.01,7.14,7.38,7.65,7.93,8.01,8.12,7.95,7.33,7.1,7.16,7.23,7.25,7.25,7.32,7.68,8.05,8.08,8.14,7.77,7.38,7.1,7.31,7.56,7.9,7.69,7.77,8.13,8.62,8.83,8.75,8.42,7.89,7.7,7.78,7.72,7.78,7.83,7.89,8.31,8.62,8.79,8.86,8.63,8.25,7.91,7.99,7.94,8.03,8.05,8.11,8.56,9.04,9.05,9.2,8.85,8.35,7.99,8.07,8.06,8.22,8.36,8.4,8.81,9.11,9.45,9.54,8.97,8.5,8.15,8.22,8.16,8.33,8.35,8.44,8.92,9.27,9.44,9.55,9.43,9.35,8.98,8.95,9.24,9.33,9.36,9.47,9.87,10.35,10.68,10.66,10.23,9.59,9.7,9.73,9.69,9.73,9.79,9.88,10.53,10.83,11.39,11.23,10.95
"Wyoming",6.01,6.25,6.2,6.61,6.85,7.19,7.23,7.28,8.19,7.08,6.94,6.55,6.33,6.53,6.51,6.77,7.15,7.2,7.54,7.39,7.69,7.81,6.9,6.73,6.54,6.69,6.71,6.9,7.33,7.47,7.63,7.36,7.62,7.91,7,6.16,6.51,6.75,6.72,7.32,7.46,7.75,7.82,7.71,7.72,7.84,7.28,6.76,6.81,7.16,7.19,7.37,7.63,7.88,8.09,7.95,8.11,7.95,7.54,6.92,6.87,7.22,7.38,7.75,8.04,8.18,8.25,8.17,8.43,8.31,7.83,7.49,7.29,7.28,7.5,7.8,8.03,8.22,8.11,7.9,8.28,8.24,7.8,7.4,7.35,7.57,7.76,7.99,8.54,8.86,8.93,8.76,8.94,9.01,8.43,7.92,7.83,8.11,8.25,8.42,8.93,9.25,9.16,9.24,9.22,8.99,8.56,8.25,8.04,8.28,8.43,8.55,8.86,9.14,9.44,9.52,9.45,9.5,8.92,8.4,8.3,8.47,8.65,8.89,9.12,9.43,9.69,9.44,9.61,10.08,9.54,9.18,9.12,9.16,9.4,9.74,10.08,10.22,10.38,10.27,10.38,10.36,10.01,9.89,9.51,9.57,9.83,9.94,10.22,10.77,10.86,10.72,10.75
"Pacific Contiguous",8.29,8.55,8.9,8.77,9.52,10.51,10.83,10.84,10.73,10.38,9.82,9.81,10.19,9.77,9.73,9.72,10.33,10.68,11.29,11.1,10.09,10.17,9.99,10.27,10.17,9.69,9.22,9.92,10.3,10.86,11.52,11.2,9.14,9.24,10.04,9.99,9.89,9.86,9.72,9.43,10.01,10.48,10.49,10.83,10.62,9.84,10.1,10.03,9.77,9.78,9.38,9.85,10.37,11.21,11.27,11.71,10.61,9.74,10.37,10.25,10.09,10.48,10.8,11.04,11.48,12.57,13.97,12.83,12.43,10.52,11.53,11.35,11.56,10.95,10.93,11.02,11.57,12.34,12.96,13.02,13.16,10.95,11.68,11.52,11.16,10.84,10.76,10.73,11.15,12.25,12.52,12.62,12.38,11.44,11.58,11.14,11.53,11.15,11.23,11.35,12.25,12.54,13.32,13.62,13.47,11.93,11.67,11.76,11.92,11.55,11.98,11.59,12.29,12.74,12.95,13.11,13.01,12.32,12.15,12.1,12.17,11.68,11.73,11.72,12.2,12.71,13.61,13.29,13.14,12.41,12.37,12.16,12.45,11.88,12.07,12.23,12.77,13.62,13.25,14.38,14.73,12.67,12.51,12.61,13.15,12.45,12.5,12.68,13.44,14.82,14.48,14.39,14.94
"California",10.89,11.14,11.29,11.14,11.97,12.87,13.05,12.8,12.87,12.49,12.12,12.26,13.03,12.58,12.58,12.05,12.82,12.87,13.28,12.92,11.61,11.98,12.55,13.31,12.81,12.41,11.42,12.51,12.74,13.12,13.5,12.9,10.08,10.47,12.54,12.45,12.59,12.39,12.14,11.43,11.97,12.4,12.19,12.5,12.18,11.43,12.5,12.4,12.19,12.33,11.28,12.12,12.57,13.4,13.16,13.43,12.14,11.3,12.8,12.91,13.14,13.45,13.72,13.99,14.04,15.17,16.65,14.89,14.57,12.2,14.47,14.47,14.98,14.18,13.82,13.74,14.15,14.72,15.13,15.11,15.1,12.53,14.37,14.46,13.78,13.39,13.18,12.94,13.55,14.46,14.38,14.51,14.01,13.09,14.17,13.76,14.66,14.1,14.1,13.93,14.94,14.72,15.6,15.85,15.45,13.8,14.3,14.7,15.18,14.21,14.78,13.91,14.91,15,15.02,15.19,14.84,14.11,14.67,14.96,15.24,14.38,14.27,14.12,14.62,14.81,15.7,15.15,14.8,14.16,14.87,14.78,15.29,14.57,14.69,14.66,15.02,15.93,15.22,16.46,16.82,14.22,14.88,15.49,16.4,15.4,15.34,15.5,16.04,17.5,16.71,16.54,17.09
"Oregon",5.68,5.81,5.91,6.05,6.18,6.35,6.26,6.37,6.29,6.69,7.08,7.15,7.1,7.08,7.21,7.2,7.1,7.16,7.14,7.23,7.16,6.98,7.08,7,7,6.92,7.01,6.99,7.07,7.18,7.17,7.13,7.1,7.09,7.09,7.07,7.15,7.28,7.1,7.15,7.19,7.09,7.18,7.21,7.17,7.26,7.22,7.2,7.21,7.2,7.19,7.22,7.18,7.25,7.25,7.29,7.24,7.24,7.35,7.41,7.03,7.38,7.37,7.4,7.54,7.56,7.64,7.62,7.68,7.66,7.63,7.51,7.69,7.6,7.65,7.75,7.8,8.29,8.78,8.74,8.84,8.71,8.57,8.44,8.45,8.46,8.52,8.56,8.34,8.63,8.64,8.59,8.72,8.63,8.44,8.2,8.32,8.54,8.4,8.56,8.76,8.95,8.97,8.96,9.01,8.85,8.76,8.57,8.39,8.66,8.77,8.87,8.99,9.07,9.14,9.06,9.09,9.12,8.98,8.75,9.18,9.39,9.27,9.4,9.46,9.67,9.8,9.78,9.79,9.78,9.7,9.57,9.58,9.63,9.66,9.73,9.86,9.92,10.01,10.01,10,10,9.82,9.74,9.65,9.73,9.68,9.73,9.95,10.16,10.22,10.2,10.14
"Washington",4.95,5.51,5.71,5.72,5.74,5.67,5.64,5.87,5.79,5.82,6.14,6.23,6.34,6.31,6.31,6.3,6.39,6.39,6.31,6.33,6.22,6.24,6.18,6.19,6.21,6.23,6.24,6.3,6.34,6.36,6.37,6.36,6.37,6.34,6.26,6.41,6.34,6.62,6.31,6.27,6.28,6.34,6.34,6.37,6.35,6.51,6.32,6.4,6.46,6.43,6.42,6.53,6.55,6.6,6.58,6.61,6.59,6.58,6.59,6.68,5.74,6.73,6.75,6.77,6.86,6.91,6.98,7.07,7.11,7.13,7.21,7.18,7.02,6.93,6.92,7,7.03,7.29,7.65,7.41,7.62,7.6,7.52,7.55,7.43,7.51,7.47,7.46,7.11,7.65,7.71,7.73,7.78,7.73,7.71,7.5,7.54,7.55,7.53,7.59,7.68,7.82,7.8,7.87,7.86,7.75,7.73,7.71,7.69,7.72,7.75,7.91,8.12,8.22,8.23,8.25,8.35,8.31,8.23,8.13,8.03,8.06,8.06,8.14,8.27,8.47,8.48,8.4,8.52,8.45,8.44,8.38,8.37,8.28,8.35,8.46,8.52,8.7,8.7,8.72,8.79,8.68,8.61,8.53,8.5,8.5,8.48,8.56,8.66,8.82,8.87,8.93,8.97
"Pacific Noncontiguous",14.34,14.26,14.78,14.45,14.73,14.9,15.19,15.21,14.85,15.02,14.38,13.76,13.36,13.34,13.66,13.81,14.3,14.59,14.6,14.59,14.42,14.56,14.71,14.57,14.19,14.47,14.85,15.06,15.39,15.13,15.19,15.07,14.95,14.98,14.57,14.55,14.4,14.71,15.19,15.32,15.91,16.2,16.16,16.22,16.3,16.48,16.65,16.73,15.94,15.81,16.07,16.73,17.75,17.94,18.44,18.71,18.55,19.47,19.18,18.88,18.59,18.49,19.12,19.65,20.3,21.05,21.61,21.64,21,20.18,19.46,18.8,18.45,18.76,18.65,19.21,20.21,20.69,21.63,22.03,20.67,22.26,21.78,22.66,22.36,23.22,23.96,25.05,26.24,27.37,29.01,29.42,29.6,28.17,25.97,23.24,21.67,20.36,19.72,20.05,20.37,20.6,21.19,22.36,22.55,22.81,22.18,21.61,21.65,22.23,22.71,22.73,23.88,24.08,24.11,24.17,23.44,23.61,23.62,22.88,23.7,24.24,25.02,26.47,28.14,29.25,29.8,30.1,30.17,29.33,27.95,27.3,27.43,27.02,28.52,28.87,30.31,31.31,30.62,30.17,29.11,29.07,27.44,26.61,27.2,27.23,28.04,28.63,29.16,29.68,29.84,29.76,29.04
"Alaska",11.22,11.39,12.21,11.98,12.13,12.31,12.42,12.79,12.2,12.93,12.38,12.05,11.55,11.59,12.23,12.22,12.51,12.57,12.5,12.4,12.16,12.01,11.86,11.57,11.4,11.68,11.65,11.76,11.83,12.13,12.64,12.28,12.21,12.34,12.22,12.03,11.59,11.83,12.16,12.21,12.88,12.95,12.79,12.6,12.84,12.73,12.71,12.65,12.29,12.56,12.75,12.9,13.83,13.46,13.62,14.06,13.08,13.74,13.74,14.08,13.61,13.64,14.41,14.38,15.3,15.47,15.94,16.05,15.31,14.92,15.02,15.05,14.6,14.58,14.99,14.6,15.02,15.35,15.86,15.84,15.44,15.82,15.05,15.57,15.3,15.59,15.92,17.4,17.55,16.78,17.79,17.26,17.03,16.62,16.53,16.21,17.39,16.98,17.34,17.05,17.61,17.65,17.94,17.04,17.31,16.83,16.67,16.29,15.76,16.12,16.12,16.3,16.79,16.64,16.77,16.63,15.65,16.1,16.57,16.04,16.43,16.55,16.77,17.45,17.61,18.03,18.91,18.42,18.33,18.2,17.92,17.88,18.04,17.44,17.97,17.64,18.43,18.1,19.44,19.07,17.34,17.82,17.1,17.06,16.68,17.57,17.72,18.52,18.53,18.51,19.28,18.71,18.49
"Hawaii",16.94,16.73,16.58,16.19,16.3,16.38,16.62,16.48,16.37,16.31,15.89,15.24,14.9,14.89,14.73,14.93,15.39,15.7,15.73,15.75,15.73,16.13,16.67,16.8,16.54,16.82,17.08,17.29,17.48,16.76,16.51,16.49,16.47,16.55,16.28,16.64,16.89,17.13,17.3,17.5,17.65,17.91,17.87,18.01,18.18,18.76,19.39,20.01,19.05,18.6,18.47,19.23,19.91,20.3,20.92,21.02,21.57,22.88,23.29,22.7,22.74,22.93,22.53,23.3,23.25,24.09,24.61,24.48,24.22,23.25,22.66,21.93,21.76,22.41,21.48,22.47,23.17,23.53,24.58,25.19,23.5,26.1,26.59,28.26,28.53,29.98,29.92,30.31,31.4,33.27,34.99,36.02,36.94,35.74,33.41,29.28,25.76,23.49,21.59,22.19,22.04,22.2,22.99,25.13,25.49,26.45,26.23,26.26,26.71,27.46,27.79,27.15,28.25,28.36,28.3,28.58,28.02,28.46,28.91,29.14,30.13,31.04,31.7,32.89,34.58,35.84,36.23,36.98,37.53,36.71,36.56,36.2,36.25,36.8,37.05,37.51,38.21,40.16,37.84,37.18,37.21,36.96,36.81,36.33,37.86,36.58,37.43,36.96,37.11,37.04,36.61,36.79,36.28
